<component size="163,69" extention="Button">
  <controller name="button" pages="0,up,1,down,2,over,3,selectedOver" selected="0"/>
  <displayList>
    <image id="n5" name="n5" src="g25y17" xy="-5,-2">
      <gearDisplay controller="button" pages="1,3"/>
      <relation target="" sidePair="width-width,height-height"/>
    </image>
    <image id="n1" name="n1" src="g25y18" xy="-3,-1" size="169,72" aspect="true">
      <gearDisplay controller="button" pages="0,2"/>
      <relation target="" sidePair="width-width,height-height"/>
    </image>
    <loader id="n4" name="icon" xy="0,4" size="163,61" align="center" vAlign="middle">
      <relation target="" sidePair="width-width,height-height"/>
    </loader>
    <text id="n3" name="title" xy="0,3" size="163,63" fontSize="22" color="#ffffff" align="center" vAlign="middle" autoSize="none" bold="true" strokeColor="#003c49" demoText="">
      <relation target="" sidePair="width-width,height-height"/>
    </text>
  </displayList>
  <Button/>
</component>